<?xml version="1.0" encoding="UTF-8"?>
<project-private xmlns="http://www.netbeans.org/ns/project-private/1">
    <editor-bookmarks xmlns="http://www.netbeans.org/ns/editor-bookmarks/2" lastBookmarkId="0"/>
    <open-files xmlns="http://www.netbeans.org/ns/projectui-open-files/2">
        <group>
            <file>file:/Applications/XAMPP/xamppfiles/htdocs/yiitest/views/site/contact.php</file>
            <file>file:/Applications/XAMPP/xamppfiles/htdocs/yiitest/models/ContactForm.php</file>
            <file>file:/Applications/XAMPP/xamppfiles/htdocs/yiitest/models/AltaPersonaForm.php</file>
            <file>file:/Applications/XAMPP/xamppfiles/htdocs/yiitest/views/personas/alta.php</file>
            <file>file:/Applications/XAMPP/xamppfiles/htdocs/yiitest/config/web.php</file>
            <file>file:/Applications/XAMPP/xamppfiles/htdocs/yiitest/views/personas/update.php</file>
            <file>file:/Applications/XAMPP/xamppfiles/htdocs/yiitest/controllers/PersonasController.php</file>
            <file>file:/Applications/XAMPP/xamppfiles/htdocs/yiitest/controllers/SiteController.php</file>
            <file>file:/Applications/XAMPP/xamppfiles/htdocs/yiitest/models/ActualizarPersonaForm.php</file>
        </group>
    </open-files>
</project-private>
